<?xml version="1.0" ?>

<container xmlns="http://symfony.com/schema/dic/services"
           xmlns:xsi="http://www.w3.org/2001/XMLSchema-instance"
           xsi:schemaLocation="http://symfony.com/schema/dic/services https://symfony.com/schema/dic/services/services-1.0.xsd">

    <parameters>
        <parameter key="time.datetime_formatter.class">Knp\Bundle\TimeBundle\DateTimeFormatter</parameter>
    </parameters>

    <services>
        <service id="time.datetime_formatter" class="%time.datetime_formatter.class%">
            <argument type="service" id="translator"/>
        </service>

        <service id="Knp\Bundle\TimeBundle\DateTimeFormatter" alias="time.datetime_formatter" />
    </services>
</container>
