<?xml version="1.0" ?>

<container xmlns="http://symfony.com/schema/dic/services"
    xmlns:xsi="http://www.w3.org/2001/XMLSchema-instance"
    xsi:schemaLocation="http://symfony.com/schema/dic/services https://symfony.com/schema/dic/services/services-1.0.xsd">

    <parameters>
        <parameter key="time.templating.helper.time.class">Knp\Bundle\TimeBundle\Templating\Helper\TimeHelper</parameter>
    </parameters>

    <services>
        <service id="time.templating.helper.time" class="%time.templating.helper.time.class%">
            <argument type="service" id="time.datetime_formatter" />
            <tag name="templating.helper" alias="time" />
        </service>
    </services>
</container>
