<?xml version="1.0" ?>

<container xmlns="http://symfony.com/schema/dic/services"
    xmlns:xsi="http://www.w3.org/2001/XMLSchema-instance"
    xsi:schemaLocation="http://symfony.com/schema/dic/services https://symfony.com/schema/dic/services/services-1.0.xsd">

    <parameters>
        <parameter key="time.twig.extension.time.class">Knp\Bundle\TimeBundle\Twig\Extension\TimeExtension</parameter>
    </parameters>

    <services>
        <service id="time.twig.extension.time" class="%time.twig.extension.time.class%" public="false">
            <argument type="service" id="time.datetime_formatter" />
            <tag name="twig.extension" />
        </service>
    </services>
</container>
